country,Rank,Happiness Score,Life Ladder,Log GDP per capita,Social support,Healthy life expectancy at birth,Freedom to make life choices,Generosity,Perceptions of corruption,Positive affect,Negative affect,Confidence in national government,Democratic Quality,Delivery Quality,Standard deviation of ladder by country-year,Standard deviation/Mean of ladder by country-year,GINI index (World Bank estimate),"GINI index (World Bank estimate), average 2000-15","gini of household income reported in Gallup, by wp5-year"
Denmark,1,7.693,7.519909382,10.69957066,0.951437175,70.04481506,0.932627916,0.127539426,0.187407613,0.773763597,0.208569512,0.534252763,1.294512391,2.01157999,1.702373385,0.226382166,0.278,0.267090909,0.365274489
Norway,2,7.655,7.678277016,11.05094433,0.947657406,70.52483368,0.946565867,0.120922364,0.368042678,0.822749853,0.212821111,0.663340509,1.527816534,1.917715073,1.746017814,0.227397084,0.257,0.271727273,0.318803996
Switzerland,3,7.65,7.776208878,10.93577576,0.94686389,72.73400116,0.945428014,0.12572737,0.323240787,0.859107256,0.176007092,0.769940198,1.529229045,1.879036784,1.564780593,0.201226667,0.316,0.327571429,0.308629304
Netherlands,4,7.512,7.470715523,10.72351742,0.938884676,71.0919342,0.877118647,0.276099622,0.433753789,0.860640585,0.226289868,0.574513912,1.396525025,1.886309624,1.351189137,0.180864751,0.276,0.286909091,0.35245353
Sweden,5,7.48,7.560147762,10.67609787,0.929397464,71.74086761,0.944382191,0.119244285,0.253543109,0.855099976,0.170226127,0.626497209,1.430477619,2.032324076,1.587887406,0.210033909,0.271,0.267454546,0.319790423
Canada,6,7.477,7.415144444,10.64052105,0.948128343,71.63430023,0.917961121,0.276096433,0.465601832,0.856703699,0.229332089,0.523448169,1.275260806,1.792761922,1.77270925,0.23906605,,0.3368,0.884413838
Finland,7,7.389,7.420209408,10.59445572,0.927739382,70.67289734,0.920968115,-0.012045811,0.360733956,0.796285093,0.201654434,0.597941577,1.50073123,2.059122801,1.630132437,0.219688192,0.271,0.275909091,0.379710972
Austria,8,7.369,7.400688648,10.70505238,0.945142388,70.94441223,0.919703901,0.109221973,0.770585775,0.822247744,0.156674996,0.376573861,1.39467001,1.586992741,1.722668648,0.232771397,0.311,0.303818182,0.323470146
Iceland,9,7.355,7.590660095,10.58997154,0.978965282,72.80523682,0.904654503,0.233745292,0.758585632,0.899718463,0.157153815,0.257335573,1.34399116,1.545394659,1.569349289,0.206747413,0.268,0.280090909,0.40288952
Australia,10,7.35,7.195585728,10.65869617,0.944599032,72.16123962,0.935146272,0.258976281,0.368251741,0.810741782,0.214396909,0.420419186,1.248593807,1.79015696,1.761226296,0.24476482,,0.34275,0.406056434
Israel,11,7.301,7.110854626,10.32817173,0.903415501,71.74086761,0.681439221,0.145161554,0.862327278,0.665101826,0.319231451,0.343569756,-0.217279762,1.074690342,1.740085363,0.244708329,0.414,0.411,0.28481248
Costa Rica,12,7.257,7.272250175,9.538064003,0.902206898,69.04761505,0.92891407,0.045661923,0.794301391,0.896885216,0.263027132,0.280074805,0.863311112,0.5524562,2.141749144,0.294509828,0.486,0.4913125,0.506199896
New Zealand,13,7.221,7.249629974,10.41291523,0.930028617,71.25901031,0.901853085,0.277378291,0.289297938,0.866304159,0.20687817,0.61469996,1.489543796,1.965111136,1.722624302,0.237615481,,,0.385313541
United Arab Emirates,14,7.144,7.217766762,10.99897861,0.855876803,67.89845276,0.919792593,,,0.767661452,0.223985344,,-0.068783879,0.882221997,1.698895574,0.235376895,,,0.416293889
Panama,15,7.143,6.859835625,9.808291435,0.897391141,67.20800781,0.783182502,0.005216825,0.795796633,0.868587494,0.206641346,0.361556232,0.144992128,0.028142724,2.303227901,0.335755557,0.519,0.53675,0.394367218
Mexico,16,7.088,7.320185184,9.700418472,0.767279446,67.31171417,0.787768304,-0.099098481,0.633281112,0.784479201,0.278110534,0.3614088,-0.274854422,-0.031542644,2.074157,0.283347607,0.481,0.48475,0.426429868
United States,17,7.082,7.026226997,10.83011532,0.903192282,69.7709198,0.822662294,0.199201018,0.71003443,0.833771288,0.259643853,0.348855615,0.897014558,1.467069626,2.163159847,0.307869345,,0.4068,0.629069328
Ireland,18,7.076,6.964645386,10.71657276,0.961785913,70.86531067,0.90219456,0.291833282,0.572632253,0.835201979,0.236661568,0.3458727,1.131797075,1.579027534,1.870121717,0.268516421,0.325,0.325545455,0.470194757
Luxembourg,19,7.054,6.964097023,11.40205193,0.913907707,71.46674347,0.916520953,0.044481251,0.402753204,0.815248728,0.227411717,0.743670523,1.490909815,1.840276241,1.782285094,0.255924791,0.343,0.315363636,0.348903418
Venezuela,20,7.039,7.066577435,9.780121803,0.931629658,64.19911194,0.80410856,-0.205540046,0.743374348,0.857872844,0.176307857,0.539273024,-0.967048168,-1.405262709,2.325374365,0.329066575,,0.497166667,0.293287933
Belgium,21,6.967,6.935122013,10.62246037,0.92711705,71.3420105,0.855266631,-0.059749197,0.757572532,0.820485771,0.23827681,0.44011718,1.136510849,1.466563344,1.834067941,0.264460802,0.275,0.285181818,0.327320159
United Kingdom,22,6.883,6.880784035,10.51577282,0.934574962,70.91662598,0.888970494,0.361319065,0.425169915,0.844452202,0.184244528,0.421262175,0.87070173,1.646371841,1.870208263,0.271801621,0.323,0.342,0.652187049
Brazil,23,6.849,6.660003662,9.623650551,0.890314102,64.35497284,0.848606348,,0.622543156,0.754624903,0.349758685,0.458935678,0.261933923,-0.035249505,2.395508289,0.359685719,0.527,0.550214286,0.51712966
France,24,6.764,6.649365425,10.5279417,0.93709743,71.97216034,0.841320336,-0.159649923,0.607905269,0.754119575,0.252988011,0.44062534,0.896523655,1.345152617,1.794548273,0.269882649,0.33,0.3203,0.328147918
Germany,25,6.672,6.702362061,10.66480923,0.926406622,70.59593964,0.904440463,0.060317129,0.67923671,0.803739309,0.169576168,0.516928196,1.084679723,1.656006575,1.830847383,0.273164511,,0.311571429,0.405439347
Qatar,26,6.666,6.611298561,11.73848248,0.838131666,67.11545563,0.924333632,0.11814566,,0.765898824,0.322181433,,0.150912732,0.939336121,2.173816442,0.328803241,,,0.556412458
Chile,27,6.587,6.599128723,9.967881203,0.855235577,68.78334808,0.733610928,0.18186979,0.782117426,0.815391183,0.287592113,0.343267798,0.704023659,1.444172263,2.12383008,0.321834922,,0.491571429,0.466741949
Argentina,28,6.562,6.468387127,9.863960266,0.901776373,66.83669281,0.747498393,-0.148022771,0.816546202,0.856516302,0.272219122,0.418255478,0.19912523,-0.572653413,2.098196507,0.32437709,0.425,0.476066667,0.317216903
Kuwait,29,6.515,6.221094608,11.25955486,0.888916671,64.8392334,0.934049547,,,0.820708573,0.095490493,,-0.219685867,0.017574765,1.61350131,0.259359717,,,0.371355087
Saudi Arabia,30,6.48,6.396359444,10.8129282,0.867100954,63.32237244,0.560455382,-0.144272059,,0.715217471,0.224840984,,-1.173164248,0.062096413,2.12539649,0.332282215,,,0.263032734
Cyprus,31,6.466,6.180507183,10.36275196,0.767177105,71.98014069,0.724629581,0.086746261,0.870691717,0.755316854,0.368632913,0.3364124,0.828574836,1.218171716,2.206048727,0.356936514,0.343,0.324909091,0.40483132
Colombia,32,6.416,6.374879837,9.379259109,0.914372623,63.37839508,0.827868104,-0.016503865,0.868371546,0.845917761,0.293702394,0.357382864,-0.732900858,-0.079423688,2.529939413,0.396860719,0.535,0.5525,0.510006428
Thailand,33,6.371,6.300235271,9.578333855,0.906098127,65.48678589,0.846932828,0.369734466,0.908612073,0.854543984,0.137503058,0.702815235,-0.768885911,-0.012249041,1.761228085,0.279549569,0.393,0.402636364,0.441255271
Uruguay,34,6.355,6.449728489,9.824302673,0.864693701,67.72479248,0.870590031,0.053386752,0.615349591,0.787868023,0.214202747,0.584287286,0.885067284,0.706581712,2.317138672,0.359261423,0.413,0.4426,0.413144767
Spain,35,6.322,6.290690422,10.34525871,0.937023342,73.37998199,0.754586101,-0.068857409,0.843593001,0.749276638,0.366474479,0.339146555,0.517331183,1.066681504,2.038798571,0.324097753,0.354,0.344545455,0.359645665
Czech Republic,36,6.29,6.334149361,10.25861073,0.91242677,69.0668869,0.739808738,-0.160838559,0.956799686,0.609040797,0.256508142,0.169811338,1.012242913,0.825533271,2.028648853,0.320271701,0.261,0.264727273,0.288669348
Suriname,37,6.269,6.269286633,9.624583244,0.797262073,60.69157028,0.885488451,-0.080004871,0.751282871,0.764222682,0.250364989,0.72176528,0.210094452,-0.21857205,1.948390126,0.310783386,,,0.367604166
South Korea,38,6.267,6.003286839,10.36649513,0.77539736,73.19233704,0.61839807,,0.843719423,0.663814724,0.206364662,0.230812565,0.496349543,0.903217018,2.070386887,0.344875544,0.316,0.319,0.386265218
Taiwan,39,6.221,6.125916958,,0.825072408,70.05999756,0.698195159,,0.802829146,0.821361542,0.140010804,0.33514151,0.870516479,1.028488517,2.035462141,0.332270593,,,0.433278471
Japan,40,6.064,5.968216419,10.50143242,0.905295432,74.19293976,0.752831519,,0.692387402,0.776910842,0.17147471,0.169178054,1.024869084,1.386078477,1.902083993,0.318702251,,0.321,0.361155748
Slovenia,41,6.06,6.062891006,10.23913479,0.924753785,70.10884094,0.904386282,-0.027284415,0.890754104,0.656376362,0.283989847,0.238065988,0.96744442,0.879258931,2.095799685,0.345676631,0.256,0.249090909,0.33938545
Italy,42,6.021,5.839313984,10.46958542,0.86948663,72.33071136,0.570094943,0.104592361,0.908323646,0.669761241,0.387652248,0.280694604,0.712513387,0.410039097,2.190985203,0.375212789,0.349,0.341272727,0.369049281
Slovakia,43,5.969,5.91105938,10.17421913,0.925751448,67.09675598,0.620004296,-0.043799434,0.906532168,0.656188428,0.302260816,0.368380159,1.030708909,0.618074775,2.02477622,0.342540324,0.261,0.267454546,0.306337535
Guatemala,44,5.965,5.855717182,8.839147568,0.802148998,62.10200882,0.865472019,0.016726265,0.820923984,0.862783432,0.349404961,0.502455831,-0.494979411,-0.665707707,2.68243742,0.458088636,,0.52675,0.486320674
Malta,45,5.964,5.962872028,10.27960587,0.921752036,70.77765656,0.860689879,0.340875238,,0.744280636,0.390503973,0.498758078,1.115231633,1.216024399,2.184447765,0.366341561,,,0.404796422
Ecuador,46,5.865,5.960716248,9.242050171,0.785201013,66.38101959,0.825275123,-0.089298949,0.729978859,0.847184837,0.333309054,0.637234926,-0.433210313,-0.808736384,2.127263308,0.356880486,0.466,0.505928571,0.367239326
Bolivia,47,5.857,6.018894672,8.664394379,0.780819416,58.52014923,0.86237967,-0.009825646,0.839701414,0.782481372,0.408880144,0.435292631,-0.26982671,-0.734381616,2.167617559,0.360135496,0.467,0.531642857,0.423895091
Poland,48,5.822,5.87593174,10.05268764,0.935923874,66.77928162,0.811301708,-0.037411589,0.887895823,0.787489176,0.266746789,0.268628746,1.056877255,0.769939899,1.88393259,0.32061854,0.324,0.334733333,0.347640306
El Salvador,49,5.809,5.934371471,8.927030563,0.806014717,63.20287323,0.682744801,-0.163661525,0.786294818,0.83063215,0.365220815,0.312310934,0.097195126,-0.228282616,2.34046936,0.394392133,0.418,0.4611875,0.396743745
Moldova,50,5.791,5.995712757,8.330985069,0.826219797,62.53709793,0.602418542,-0.00156391,0.955484569,0.567696512,0.313725889,0.21462217,0.006032201,-0.402287662,1.904993892,0.317726016,0.292,0.3299375,0.375585765
Paraguay,51,5.779,5.820058346,8.897328377,0.931004942,62.96724319,0.748206615,0.214730084,0.77365911,0.83717531,0.212838635,0.296063691,-0.492819518,-0.728666604,1.709317088,0.293694139,0.482,0.519066667,0.505039632
Peru,52,5.776,5.824557304,9.300539017,0.764071584,64.43893433,0.703000546,-0.091062851,0.866837919,0.757178366,0.397958517,0.272202104,-0.396550894,-0.14944391,2.097959995,0.36019218,0.451,0.4891875,0.520767868
Malaysia,53,5.76,5.914283752,10.02529716,0.841218948,64.5929184,0.848071814,-0.001914886,0.846618474,0.867352903,0.176881895,0.761775732,-0.175875798,0.548253596,1.56255281,0.264199853,,0.461,0.448416948
Kazakhstan,54,5.671,5.759469509,9.998214722,0.891716659,61.42058945,0.839832306,-0.186195031,0.876681805,0.739842832,0.1843815,0.726160646,-0.792587876,-0.604768813,1.966768384,0.341484308,0.275,0.295066667,0.401825428
Croatia,55,5.661,6.027634621,9.919036865,0.775817871,67.06228638,0.541909754,-0.248352468,0.923860014,0.621574581,0.271040529,0.311118603,0.573861003,0.355111867,2.060128689,0.341780633,0.325,0.323333333,0.317369521
Turkmenistan,56,5.628,5.463827133,9.412086487,0.945841253,59.65255356,0.78556335,-0.146875903,,0.584448338,0.1168807,,-0.911170304,-1.53964889,1.871497869,0.342525095,,,0.237146124
Uzbekistan,57,5.623,6.019331932,8.469233513,0.933141291,62.38180542,0.913550139,-0.039761808,0.463375092,0.785678804,0.118176885,,-1.276144147,-1.270596623,2.020273924,0.335630924,,0.348,0.327621877
Angola,58,5.589,4.360249996,8.699287415,0.752592862,51.52178955,0.456028581,-0.124706,0.906300485,0.557908118,0.304890066,0.237090692,-0.732784629,-1.124386311,2.150746107,0.493262112,,0.427,
Albania,59,5.55,5.510124207,9.246648788,0.784501791,68.02888489,0.601512134,-0.174558803,0.847675204,0.606635928,0.27139324,0.364893705,-0.06078377,-0.328862011,1.92120254,0.348667741,0.29,0.30325,0.568152607
Vietnam,60,5.533,5.53456974,8.499093056,0.775008678,65.4106369,0.856053472,-0.10952954,0.814884901,0.615127862,0.221355975,0.856453717,-0.576355159,-0.50453943,1.454640627,0.262828142,0.357,0.364285714,0.438014031
Hong Kong S.A.R. of China,61,5.523,5.483764648,10.82668686,0.826425672,75.28047943,0.879752457,0.204656839,0.379783154,0.715137303,0.183349267,0.49790594,0.822999477,1.776014566,1.937088728,0.353240669,,,
Nicaragua,62,5.507,5.448006153,8.401390076,0.894054413,65.06034851,0.850304902,0.018913383,0.643578768,0.80325383,0.254660487,0.57339567,-0.442559004,-0.674270272,2.462352276,0.45197311,,0.48275,0.46133697
Belarus,63,5.504,5.749043465,9.768808365,0.901961505,63.96964645,0.64524883,-0.228947371,0.657430232,0.523195446,0.180764526,,-0.749283075,-0.856439948,2.036961317,0.354313076,0.265,0.281875,0.280461252
Russia,64,5.464,5.620735645,10.1217947,0.901295126,61.94788361,0.609104157,-0.307606727,0.937517941,0.611164153,0.173604488,0.452001721,-0.898265421,-0.654854059,2.080929756,0.370223731,0.407,0.39925,0.37669006
North Cyprus,65,5.463,5.463305473,,0.871150076,,0.692567647,,0.854729652,0.709236085,0.405434668,0.414000452,,,2.743689299,0.502203167,,,0.36829868
Greece,66,5.435,5.096354008,10.10087299,0.81214112,70.67931366,0.37261042,-0.310992062,0.958908975,0.580687583,0.351506293,0.12621899,0.241770908,0.271006763,2.490795374,0.488740653,0.363,0.346909091,0.344145775
Estonia,67,5.426,5.363927841,10.15393448,0.889454544,66.41425323,0.696825743,-0.201046899,0.7928527,0.647360325,0.198966742,0.272975951,0.87419492,1.156192064,1.961893439,0.365756869,0.329,0.333,0.381732076
Lithuania,68,5.426,5.771037102,10.08793449,0.918690145,64.88002777,0.503027141,-0.281919926,0.956959248,0.580971003,0.277385563,0.145729542,0.85785979,0.800440192,1.846569896,0.319971919,0.351,0.353090909,0.310113639
Algeria,69,5.422,5.604595661,9.485086441,0.839396894,64.73936462,0.586663485,-0.198870689,0.690116346,0.604023278,0.22971566,,-1.115534902,-0.77117157,1.939236641,0.346008301,,0.276,0.421408624
Jordan,70,5.414,5.131996155,9.101000786,0.829496324,63.78110504,0.693142116,-0.160638839,,0.564724505,0.345336407,,-0.629235148,0.155911192,2.095973015,0.408412814,,0.343,0.324062377
Indonesia,71,5.348,5.36777401,9.132506371,0.833621144,59.83226013,0.770319343,0.340603173,0.96158886,0.896927416,0.228979603,0.672580957,-0.262825072,-0.441785634,1.602591753,0.298557967,,0.395,0.412397981
Turkey,72,5.345,5.309076309,9.917490959,0.739280582,64.68478394,0.470903218,-0.224778861,0.701850236,0.644781053,0.334832817,0.530999661,-0.713732719,0.255665541,1.974840164,0.371974349,0.402,0.403076923,0.330034256
Libya,73,5.34,5.754394054,10.02394676,0.854930937,61.14139557,0.711518884,-0.062263638,0.790556133,0.694884002,0.316149682,,-1.243850827,-1.40801692,2.278058529,0.395881563,,,0.347402185
Bahrain,74,5.312,5.027186871,10.62035942,0.911349595,65.5225296,0.681822896,,0.437915266,0.589015484,0.380814761,,-1.223989844,0.467846751,1.900918961,0.378127784,,,0.330874622
Montenegro,75,5.299,5.218724251,9.551541328,0.704032779,66.01222229,0.46170637,-0.194561794,0.755059719,0.573610485,0.379281342,0.355399817,0.40723449,0.014853257,2.309457302,0.442532927,0.322,0.3093,0.355063587
Pakistan,76,5.292,5.131565094,8.38193512,0.542038024,56.60122681,0.366844118,0.150681734,0.842024505,0.664618492,0.332447738,0.228680417,-1.760292888,-0.860548019,2.179158688,0.424657702,,0.312571429,0.429429472
Nigeria,77,5.248,5.492954254,8.582878113,0.817579567,44.03263855,0.651688874,0.054680578,0.900431395,0.810905516,0.209099487,0.303561688,-1.371146798,-1.006082296,1.732020974,0.315316826,,0.4155,0.48107487
Kosovo,78,5.222,5.639588356,9.034417152,0.757147133,61.22325897,0.635793388,0.019289259,0.94965142,0.595571578,0.099630386,0.31239897,,,2.442061186,0.433021188,,,0.374054551
Honduras,79,5.142,4.602218151,8.327683449,0.779194892,62.92237854,0.700452089,0.003997721,0.871437132,0.846510351,0.293591261,0.26335296,-0.40994665,-0.746310949,2.548845053,0.55382967,0.574,0.5556,0.476664186
Portugal,80,5.101,4.993962288,10.15835667,0.866038621,70.45056152,0.773821414,-0.104271121,0.959288418,0.728934467,0.370169967,0.230625153,0.90190047,0.971928477,2.494402647,0.499483675,0.36,0.367,0.425317735
Ghana,81,5.091,5.057261944,8.197658539,0.68511188,53.58569717,0.679418445,0.047719266,0.897836149,0.75968802,0.152376384,0.576750815,0.281023592,-0.009119377,2.139453173,0.423045754,0.422,0.425,
Ukraine,82,5.057,5.030342102,9.026679039,0.897573471,62.95043945,0.563649774,-0.205425665,0.896237016,0.570337653,0.192819074,0.236936122,-0.185908958,-0.759702504,1.977613568,0.393137008,0.247,0.266,0.355269224
Latvia,83,5.046,5.125025272,9.944042206,0.851195216,64.80504608,0.563811779,-0.044994887,0.894979358,0.560012877,0.232224524,0.191219807,0.614571154,0.721494794,1.890645146,0.368904561,0.352,0.362,0.321798891
Kyrgyzstan,84,5.042,5.207785606,7.962011337,0.856181741,61.88621521,0.702731669,-0.055728517,0.892036796,0.690524042,0.182383269,0.513287067,-0.761174262,-0.815161526,1.584668517,0.304288358,0.274,0.306375,0.326006919
Romania,85,5.033,5.166874886,9.814229965,0.740043104,66.36763763,0.644536138,-0.117041543,0.959486127,0.555993974,0.342614621,0.236376286,0.200435579,0.005359806,2.449491739,0.474076062,0.273,0.290928571,0.42576927
Zambia,86,5.006,5.013374805,8.163204193,0.780022562,50.67415619,0.787760317,-0.002135111,0.806394398,0.725964785,0.250368446,0.594113767,0.264067978,-0.388092458,2.200456381,0.43891719,,0.5274,0.610943914
Philippines,87,4.985,5.001965046,8.697647095,0.812921703,59.65584183,0.914499581,0.047324717,0.771167636,0.86513114,0.35112527,0.758208573,-0.60896349,-0.259734333,2.471630812,0.494131953,0.422,0.418833333,0.522216678
China,88,4.978,5.094917297,9.318813324,0.787818193,68.56943512,0.808255136,-0.202918619,,0.820784926,0.158702999,,-1.08836174,-0.298996091,2.083999872,0.409035087,0.422,0.425,0.557539284
Dominican Republic,89,4.963,4.753311157,9.349291801,0.879158199,62.68739319,0.840129376,-0.065198809,0.727300286,0.796801806,0.297043145,0.43158412,0.188479513,-0.540561914,2.741707325,0.576799452,0.457,0.4886875,0.576213002
South Africa,90,4.963,5.133887768,9.419760704,0.906595111,50.58544159,0.590144992,-0.174449459,0.838216782,0.761366546,0.178183243,0.425877452,0.278383315,0.180559263,2.17634201,0.423916936,,0.6225,0.565795124
Lebanon,91,4.931,4.572566986,9.619617462,0.712611496,68.10767365,0.620627165,-0.007968698,0.855777562,0.499440908,0.338856846,,-1.025322795,-0.52122736,2.328357935,0.509201467,,0.318,0.370209813
Morocco,92,4.885,4.969656467,8.823402405,0.67582494,64.14507294,0.756784618,-0.198701277,0.844934762,0.687131047,0.28133598,0.525867641,-0.53806299,-0.197070941,1.934658766,0.389294267,,0.4065,0.558272898
Somaliland region,93,4.847,5.057314396,,0.786291242,,0.758219004,,0.333831728,0.73518914,0.152428225,0.651241541,,,1.84780252,0.3653723,,,0.533574641
Mongolia,94,4.834,4.885150433,9.188996315,0.9185161,61.13117599,0.688311696,0.09188357,0.932385981,0.689052641,0.181066349,0.310268313,0.268304914,-0.438392848,1.579062223,0.323237181,0.338,0.335833333,0.379856855
Zimbabwe,95,4.827,4.955100536,7.534424305,0.896476209,47.65478897,0.469531179,-0.072877467,0.8586905,0.669278681,0.17731078,0.407083839,-1.12531507,-1.555728316,1.853194833,0.37399742,,0.432,0.487202942
Tunisia,96,4.826,4.463531017,9.249967575,0.614422798,65.147995,0.567737222,-0.191103399,0.899453163,0.520914137,0.326999813,0.435219467,-0.446484566,-0.103036761,2.117940903,0.474498987,,0.381,0.435334772
Iraq,97,4.817,4.659508705,9.590554237,0.730118215,60.08565903,0.314564616,-0.05977096,0.78919065,0.422927648,0.44905889,0.339846313,-1.50511539,-1.258518577,1.971013665,0.423008889,0.295,0.2905,0.337228656
Bosnia and Herzegovina,98,4.813,4.773144722,9.203255653,0.778859854,67.22298431,0.419789314,-0.015265614,0.95342195,0.547962606,0.338240683,0.194952324,-0.319237053,-0.254937112,2.411530972,0.505228937,,0.32725,0.414922833
Serbia,99,4.813,5.154521942,9.464875221,0.819430411,64.85837555,0.460574687,-0.134579897,0.951667845,0.514332354,0.371236444,0.223251179,-0.009177983,-0.212817714,2.459745407,0.477201462,,0.3059,0.354289949
Bangladesh,100,4.804,4.724443913,7.903443813,0.581765294,60.94363022,0.66768229,-0.02715938,0.764894426,0.713508248,0.183245391,0.705811918,-0.890514851,-0.88367945,1.928409934,0.408177137,,0.329,0.427503377
Laos,101,4.787,4.876084805,8.417757988,0.692627907,56.26917648,,0.238068149,,0.916800976,0.386679232,,-0.804916084,-0.882167459,1.696086407,0.347837746,0.364,0.348,0.611756206
Hungary,102,4.775,4.683358192,10.02491188,0.906113982,66.05580139,0.56923151,-0.147043735,0.930297315,0.65190798,0.315398008,0.209778264,0.712581217,0.64710778,2.094283819,0.447175652,0.305,0.296818182,0.310641199
India,103,4.772,4.720146656,8.482096672,0.510574579,58.20915604,0.609320104,0.055292785,0.829614759,0.62873435,0.294841021,0.539206505,-0.444927841,-0.307233006,1.964058876,0.416101247,,0.352,0.394036531
Mauritania,104,4.758,4.673203945,8.149764061,0.763332725,52.5381012,0.487372756,-0.002736215,0.707005799,0.782067597,0.163681492,0.383974999,-1.022454023,-0.811633349,1.355009198,0.289952934,,0.36825,0.359774947
Palestinian Territories,105,4.7,4.646608353,8.485044479,0.782169104,62.48500061,0.541582882,-0.158223853,0.730194092,0.616355181,0.378503829,0.466042757,,,2.207691669,0.475118935,,,0.397496074
Iran,106,4.643,4.608927727,9.718718529,0.599542618,64.69434357,0.764418423,,0.677707136,0.608597934,0.524968743,0.718554199,-1.462069392,-0.914399445,2.500261784,0.542482317,,0.4132,0.427607894
Azerbaijan,107,4.604,4.910771847,9.673333168,0.761873245,62.47997284,0.598859072,-0.164287835,0.763154805,0.553869426,0.266093403,0.707989276,-1.007616758,-0.799909055,1.891108274,0.385093898,,0.228833333,0.29988724
Congo (Kinshasa),108,4.578,4.63922739,6.481235981,0.769545972,48.95683289,0.557286203,-0.005517539,0.807406604,0.634003043,0.229651377,0.437570214,-1.78348732,-1.528378963,1.280192971,0.275949597,0.421,0.4215,0.41993615
Macedonia,109,4.574,4.639647484,9.354403496,0.798305035,65.12363434,0.613055706,-0.086592704,0.919845164,0.64188683,0.421751916,0.369646579,-0.260572821,0.005124823,2.1744771,0.468672901,0.401,0.390166667,0.375651211
Ethiopia,110,4.561,4.561168671,7.115237236,0.658794284,54.35425186,0.776308239,-0.032520976,,0.668341458,0.137166128,,-1.436589599,-0.688325226,1.858586311,0.4074803,,0.315,0.521013916
Uganda,111,4.443,4.309237957,7.383019924,0.884721696,50.0959053,0.649463236,0.094537929,0.837545872,0.753983975,0.265322387,0.396223307,-0.681256294,-0.536405623,1.750787735,0.406287074,0.41,0.43325,0.694141626
Myanmar,112,4.439,4.438939571,8.330550194,0.612249672,56.76591492,0.691094279,0.625391603,0.694738686,0.764304161,0.205414414,,-1.281897187,-1.433520555,1.732100248,0.39020586,,0.381,0.461426914
Cameroon,113,4.42,4.244634151,8.013411522,0.74283731,48.18658447,0.766064227,-0.033722017,0.898028791,0.617998898,0.284447879,0.533314586,-0.805049241,-1.032383323,2.237308741,0.527091086,,0.438,0.491360247
Kenya,114,4.403,4.547335148,7.864229202,0.83141011,56.35370636,0.627654195,0.082487695,0.911273062,0.706963956,0.19417724,0.40184477,-0.805622459,-0.68510896,1.782849431,0.392064661,,0.485,0.560217559
Sudan,115,4.401,4.550499439,8.318027496,0.812500715,53.30289841,0.411947906,-0.064391643,0.733679295,0.576177895,0.242373869,,-2.017451763,-1.405126214,1.59638381,0.350815088,,0.354,0.7994771
Tajikistan,116,4.38,4.496571541,7.751204014,0.728590906,62.10417557,0.749034524,-0.071462199,0.717097759,0.714460313,0.19819133,0.921518028,-1.33163166,-1.102040648,1.14977777,0.255700976,0.305,0.31875,0.360984385
Haiti,117,4.341,4.413475037,7.368234158,0.74866271,52.02882004,0.482485861,0.2925466,0.717166364,0.593434155,0.283806413,0.367326528,-0.775418222,-1.287150621,1.783457279,0.404093653,0.409,0.409,0.407224
Armenia,118,4.316,4.319711685,8.924141884,0.676446438,64.25839233,0.501863778,-0.202869654,0.892544389,0.517862976,0.463855445,0.285362303,-0.207848221,-0.174658716,2.257862568,0.52268827,0.305,0.325066667,0.42068997
Congo (Brazzaville),119,4.297,3.919341803,8.570007324,0.622330368,52.6687088,0.772510767,-0.147367403,0.799653709,0.564219952,0.32258296,0.541932643,-0.822411597,-1.221892476,2.118503332,0.540525258,,0.481,0.600013852
Egypt,120,4.273,4.204156876,9.192422867,0.736645103,60.76647949,0.451543361,-0.146938071,0.880383074,0.527221382,0.398423016,0.601901174,-1.100696564,-0.588527501,2.045084953,0.486443549,0.298,0.3122,0.398824096
Burkina Faso,121,4.259,3.95500803,7.327422142,0.743765771,50.25502396,0.621848702,-0.057048257,0.726286888,0.544851422,0.29972294,0.617090106,-0.439050049,-0.414633215,1.758125663,0.4445315,,0.394666667,0.550402403
Mali,122,4.247,4.313016891,7.498283863,0.823435068,47.2441597,0.704219282,-0.082917713,0.786719501,0.68075037,0.109447502,0.486437917,-1.264929414,-0.726040661,2.043205023,0.473729879,,0.372666667,0.460374266
Georgia,123,4.187,4.254445553,8.972251892,0.532586455,63.7734642,0.65872401,-0.254449189,0.320887595,0.559153915,0.250087857,0.610841632,-0.3294366,0.42155683,1.958423615,0.460324049,0.413,0.4034375,0.462737411
Nepal,124,4.156,4.233244896,7.651288509,0.733602345,59.63160324,0.637778401,0.081051968,0.88349402,0.736082912,0.231070802,0.439799935,-1.011797905,-0.83282125,1.778289437,0.420077145,,0.383,0.454886735
Niger,125,4.152,3.798088312,6.759936333,0.700107575,49.29681778,0.734430909,-0.04501057,0.777340889,0.602544665,0.141553044,0.534528375,-0.716379225,-0.641673386,1.313709259,0.345886976,,0.368,0.506254792
Sri Lanka,126,4.151,4.224593163,9.208340645,0.824357271,64.58774567,0.800397217,0.153034613,0.822879076,0.863880336,0.196870834,0.777017355,-0.646179259,-0.16979301,1.813476205,0.429266483,0.392,0.39225,0.378927261
Gabon,127,4.114,3.97205925,9.690262794,0.736096144,54.93886566,0.565965831,-0.215515137,0.810119689,0.469998509,0.265743077,0.364717662,-0.285157621,-0.666392565,2.019146442,0.508337438,,0.422,0.607343555
Malawi,128,4.113,4.279269695,6.946744442,0.603725672,50.69045258,0.637362719,0.165935576,0.885784984,0.815616429,0.200462923,0.471810192,-0.104385272,-0.468000472,2.840632677,0.663812518,,0.43,0.664306819
Cambodia,129,4.067,3.898706913,7.939874172,0.605528593,57.04125977,0.955595791,0.247116447,0.890136123,0.820461333,0.351858586,0.82517308,-0.53252852,-0.801751435,1.701752067,0.4364914,,,0.66283375
Chad,130,4.056,4.03297472,7.582166672,0.672866464,44.23704529,0.562908113,-0.044328865,0.884475827,0.526546359,0.315747142,0.30277133,-1.19343245,-1.335223913,1.579964519,0.391761571,,0.4155,0.54660511
Yemen,131,4.054,4.060600758,8.241021156,0.681678295,54.02817154,0.705815315,-0.177809879,0.793232739,0.501775622,0.262816578,0.598434687,-1.892754555,-1.119487524,2.228804588,0.548885405,,0.357,0.415891558
Afghanistan,132,4.04,3.782937527,7.517126083,0.520636737,50.70926285,0.530935049,0.247159243,0.775619805,0.710384727,0.267919123,0.435440153,-1.842995763,-1.40407753,1.798283219,0.47536689,,,0.344539613
Bulgaria,133,3.981,4.222297192,9.665990829,0.837966621,66.28061676,0.641256452,-0.177450985,0.938208699,0.573091209,0.236632824,0.342922807,0.39037478,0.098021008,2.167435169,0.513330817,0.36,0.354666667,0.394633353
Botswana,134,3.97,4.835938931,9.564126015,0.836743116,53.29683685,0.799410224,-0.212750569,0.814422846,0.773363888,0.171257362,0.662237763,0.818505585,0.672325492,1.992194295,0.411956042,,0.626,0.581453145
Madagascar,135,3.966,3.550609589,7.223259449,0.673088312,55.21408844,0.487007886,-0.047277849,0.853590488,0.689855695,0.193977416,0.350055397,-0.709703803,-0.805914879,1.54313612,0.434611589,0.427,0.431,0.536564231
Senegal,136,3.959,3.668736935,7.690368176,0.711077392,56.10480118,0.668252289,-0.022164073,0.851879895,0.770918489,0.213602841,0.645107508,-0.056255583,-0.272712827,1.70377624,0.464404047,,0.402333333,0.452468991
Syria,137,3.892,3.164491177,8.609065056,0.588395178,61.47408295,0.466770619,0.30370754,0.672964215,0.464438587,0.704589665,,-2.26324749,-1.25451839,2.508209467,0.792610645,,0.358,0.458946973
Comoros,138,3.851,3.955640316,7.259981155,0.719217897,53.49705887,0.534040928,-0.069552734,0.651009262,0.612241328,0.211843818,0.464862645,-0.459228456,-1.185267329,1.385449886,0.350246668,,0.5045,0.42886439
Guinea,139,3.847,3.651554823,7.429011345,0.542295277,48.79819107,0.646187842,0.011558649,0.794450223,0.677212596,0.284573376,0.557172477,-1.150450587,-1.184596658,1.659664035,0.454508871,0.337,0.387,0.504480302
Tanzania,140,3.77,4.006897449,7.708782673,0.832056403,53.2678566,0.577453315,0.206547231,0.886997938,0.678828418,0.195307106,0.414645106,-0.062279701,-0.592591941,1.915126324,0.477957398,,0.384666667,0.538572907
Rwanda,141,3.715,3.333047867,7.318346977,0.637147248,54.86077881,0.835491359,-0.005128154,0.081324898,0.702794313,0.132398143,,-0.754135847,0.034555562,1.542425513,0.462767273,,0.5055,0.61665076
Benin,142,3.528,3.193468809,7.526094437,0.523027301,50.67614746,0.768971086,-0.085358299,0.805977643,0.5825243,0.230664536,0.582080483,0.244426534,-0.584024131,1.640371084,0.513664365,,0.432666667,0.495051146